{
  "project_info": {
    "project_number": "83821469880",
    "project_id": "uniquegifts-17781",
    "storage_bucket": "uniquegifts-17781.appspot.com"
  },
  "client": [
    {
      "client_info": {
        "mobilesdk_app_id": "1:83821469880:android:b98692be9801968820d44d",
        "android_client_info": {
          "package_name": "com.example.giftsunique"
        }
      },
      "oauth_client": [
        {
          "client_id": "83821469880-e579ba2tdq8073r601m7mgg1uheksh7i.apps.googleusercontent.com",
          "client_type": 3
        }
      ],
      "api_key": [
        {
          "current_key": "AIzaSyDqJ9lnpVFzq5uALoW2wD3iW_QEhCqdp6Y"
        }
      ],
      "services": {
        "appinvite_service": {
          "other_platform_oauth_client": [
            {
              "client_id": "83821469880-e579ba2tdq8073r601m7mgg1uheksh7i.apps.googleusercontent.com",
              "client_type": 3
            }
          ]
        }
      }
    }
  ],
  "configuration_version": "1"
}